Playlist Name,Owner,Total Tracks,Description
Hanuman ji all songs,Mr criminal,17,
Hanuman Ji Bhajans,ЁЯХЙя╕ПDEVILHASHЁЯЗлЁЯЗп,66,
рд╣рдиреБрдорд╛рди рдЪрд╛рд▓реАрд╕рд╛,Xsarun,3,
рд╕рд╛рд▓рд╛рд╕рд░ рдмрд╛рд▓рд╛рдЬреА рдХреЗ рднрдЬрди | SALASAR BALAJI | BHAJAN | SONG | AARTI | HANUMAN JI | MEHANDIPUR | LAKHBIR,ECHO FARM INDIA,45,"рд╕рд╛рд▓рд╛рд╕рд░ рдмрд╛рд▓рд╛рдЬреА рдХреЛ рд╕рдорд░реНрдкрд┐рдд рдордирдореЛрд╣рдХ рднрдЬрдиреЛрдВ рдХреЗ рд╕рд╛рде рджрд┐рд╡реНрдп рдЙрддреНрд╕рд╛рд╣ рдХрд╛ рдЕрдиреБрднрд╡ рдХрд░реЗрдВред рдордзреБрд░ рдзреБрдиреЛрдВ рдХреЛ рдЖрдкрдХреЛ рд╕рд╛рд▓рд╛рд╕рд░ рдмрд╛рд▓рд╛рдЬреА рдХреА рдкрд╡рд┐рддреНрд░ рдКрд░реНрдЬрд╛ рд╕реЗ рдЬреЛрдбрд╝рддреЗ рд╣реБрдП, рдЖрд╕реНрдерд╛ рдФрд░ рднрдХреНрддрд┐ рдХреЗ рджрд╛рдпрд░реЗ рдореЗрдВ рд▓реЗ рдЬрд╛рдиреЗ рдХреА рдЕрдиреБрдорддрд┐ рджреЗрдВред"
Bholenath Songs,Dhanraj Malagar,67,|| рдЬрдп рд╢реНрд░реА рдорд╣рд╛рдХрд╛рд▓ || реР рдирдордГ рд╢рд┐рд╡рд╛рдп || рд╣рд░ рд╣рд░ рдорд╣рд╛рджреЗрд╡ || рд╢реНрд░реА рд╢рд┐рд╡рд╛рдп рдирдорд╕реНрддреБрднреНрдпрдВ ||
Hanuman Ji ЁЯЪй Songs  BAJRANG BALI JAI SHREE RAM CHALISA GYM WORKOUT MOTIVATION NEEM KAROLI BABA,ECHO FARM INDIA,106,рднрдЧрд╡рд╛рди рд╣рдиреБрдорд╛рди рдХреЗ рдордирдореЛрд╣рдХ рднрдЬрдиреЛрдВ рдХреЗ рдорд╛рдзреНрдпрдо рд╕реЗ рдЙрдирдХреА рджрд┐рд╡реНрдп рд╢рдХреНрддрд┐ рдХреА рдЦреЛрдЬ рдХрд░реЗрдВред рдЙрд╕ рд╢рдХреНрддрд┐ рдФрд░ рднрдХреНрддрд┐ рдХрд╛ рдЕрдиреБрднрд╡ рдХрд░реЗрдВ рдЬреЛ рдЙрдирдХреЗ рджрд┐рд╡реНрдп рд╕рдВрдЧреАрдд рдХреЗ рдорд╛рдзреНрдпрдо рд╕реЗ рдЧреВрдВрдЬрддреА рд╣реИред
Hanuman Chalisa Rasraj Ji Maharaj,Luvlastcall,6,
"рдордВрдЧрд▓ рднрд╡рди рдЕрдордВрдЧрд▓ рд╣рд╛рд░реА

ЁЯЩПЁЯП╗ЁЯЪй",Adiiii,19,
Hanuman ji motivation songs,Soundd Asia,98,
рдЖрд░рдВрдн рд╣реИрдВ рдкреНрд░рдЪрдВрдб,Dinesh Sharma,506,
 Sunderkand Hanuman ji,Harshita,4,
Goosebumps god song ЁЯЪй,swapnil,31,
Hanuman ji ke bhajans,Krittika,9,
Lakhbir lakha (hanuman ji),mahi,6,
Lakhbir Singh Lakkha,dead_kira,831,All songs of Lakhbir Singh Lakkha
Jay Shree Ram ЁЯЩПЁЯЪй Jay Hanuman ji ЁЯЩПЁЯЪй,Sayan Khan,49,
HANUMAN JII SONGSЁЯЪйЁЯЪй,Soundd Asia,100,HANUMAN JII SONGSЁЯЪйЁЯЪй
Hanuman chalisa by gulshan kumar,R,15,
Hanuman  ji ki Arti,Jaiprakash tewari,18,
Hanuman chalisa full,DrPreetam Kumar Somani,5,
Hanuman Ji Gym song,shubham Samant,28,
Sanatani Gym Workout ЁЯЪй,shailesh200,40,Jai Shree Ram ЁЯЪйЁЯХЙя╕П
Hanuman Ji Rap Songs For Home Workout ЁЯТкЁЯП╗,Aditya.Boss 7,7,
Best Hanuman playlist,Indimasala,53,The best of Hindi Hanuman bhajans from 70-80s to nowтЬМ
hanuman ji Playlist,Samarth Billore ,9,
Jai sree ramЁЯЪй,HARSH,18,
Hanuman Ji Chalisa by Hariharan,Abhilasha Chaurasia,23,
тЬирд░рд╛рдорд╛ рд░рд╛рдорд╛ рд░рдЯрддреЗ рд░рдЯрддреЗ рдмреАрддреА рд░реЗ рдЙрдорд░рд┐рдпрд╛тЬи,arunimaaa,30,|| Ram bhajans ||
Hanuman ji workout songs,Prudhvi,21,
HanuMan Movie songs (Telugu),Hrishi,8,
"Gym Workout Devotional Atma Rama, Mangal Bhawan, Narci, Rap Music, Hanuman Ji",Agam Aggarwal,29,It is a little difficult to find devotional songs when it comes to Heavy Gym Sessions. Here Comes the first and all quality bhakti upbeat songs to push you for that last Lift.
рд╢реНрд░реА рд╣рдиреБрдорд╛рди рдЪрд╛рд▓реАрд╕рд╛,рдЬрдЧрджреАрд╢ рдпрд╛рджрд╡,10,
Hanuman ji,Shrasti sen,28,
Jai Shree Ram ЁЯзб,Soundd Asia,22,Jai Shree Ram ЁЯзб
Hanuman ji ka Bhajan,Gaurav Tiwari,16,
HANUMANKIND ALL SONGS ЁЯУИ,ig - Sanskriti24,26,"BIG DAWGS ,VIRAL FAME ALL SONGS ЁЯУИ"
shaniwar bhajan ( shani dev ji& hanuman ji) ,Khushkp,77,
Dj Song Bajrang Dal 2024 ЁЯФе,Soundd Asia,100,Dj Song Bajrang Dal 2024 ЁЯФе
NEEM KAROLI BABA | KRISHNA DAS |  BHAGWAN DAS | GOVIND DAS | HANUMAN JI BAJRANG BALI NEEB RAM KAINCH,ECHO FARM INDIA,92,
SANATANI GYM WORKOUT! ЁЯХЙя╕ПЁЯЪй,siddzz,95,Jay Shree Ram! Jay Hanuman!ЁЯЪй
Hanuman ji gym playlist,Nikhil_music_fest,57,
Best popular God songs  тШоя╕П,Mr unknown,41,Song which connects you with GodЁЯШМ
Ram ji & hanuman ji bhajan,rahul,66,
Ram ji hanuman ji bhajans,Sneha,90,
Hariharan_Hanuman ji bhajan,Aanchal K,33,
Hanuman ji bhajans,odmyw15hl88rozu7kp74z0g9c,7,
Bhakti Songs - Hanuman Ji,Pawan Sharma,26,
All Shree Ram Bhajan,Karan ЁЯЫРЁЯХЙя╕П,82,Jai shree ram ЁЯЪйЁЯЫР
Hanuman ji ki Stuti,Harshpachauri,4,
рд╣рдиреБрдорд╛рди рдордВрддреНрд░,vimal,47,
